<font lineSpacing="0" lineHeight="18">
    <char id="32" x="12" y="26" width="1" height="1" xoffset="0" yoffset="14" xadvance="4" page="0" chnl="15" />
    <char id="35" x="9" y="0" width="8" height="11" xoffset="0" yoffset="3" xadvance="8" page="1" chnl="15" />
    <char id="37" x="0" y="16" width="12" height="12" xoffset="0" yoffset="3" xadvance="13" page="0" chnl="15" />
    <char id="40" x="16" y="0" width="4" height="14" xoffset="0" yoffset="2" xadvance="5" page="0" chnl="15" />
    <char id="41" x="20" y="0" width="4" height="14" xoffset="0" yoffset="2" xadvance="5" page="0" chnl="15" />
    <char id="45" x="8" y="14" width="4" height="2" xoffset="0" yoffset="9" xadvance="4" page="0" chnl="15" />
    <char id="46" x="30" y="26" width="2" height="3" xoffset="1" yoffset="12" xadvance="4" page="0" chnl="15" />
    <char id="47" x="1" y="0" width="5" height="14" xoffset="0" yoffset="2" xadvance="4" page="0" chnl="15" />
    <char id="48" x="12" y="14" width="7" height="12" xoffset="0" yoffset="3" xadvance="8" page="0" chnl="15" />
    <char id="49" x="0" y="11" width="7" height="11" xoffset="1" yoffset="3" xadvance="8" page="1" chnl="15" />
    <char id="50" x="24" y="0" width="7" height="11" xoffset="0" yoffset="3" xadvance="8" page="1" chnl="15" />
    <char id="51" x="19" y="14" width="7" height="12" xoffset="0" yoffset="3" xadvance="8" page="0" chnl="15" />
    <char id="52" x="0" y="0" width="9" height="11" xoffset="0" yoffset="3" xadvance="8" page="1" chnl="15" />
    <char id="53" x="0" y="28" width="7" height="12" xoffset="0" yoffset="3" xadvance="8" page="0" chnl="15" />
    <char id="54" x="7" y="28" width="7" height="12" xoffset="1" yoffset="3" xadvance="8" page="0" chnl="15" />
    <char id="55" x="17" y="0" width="7" height="11" xoffset="1" yoffset="3" xadvance="8" page="1" chnl="15" />
    <char id="56" x="14" y="26" width="7" height="12" xoffset="0" yoffset="3" xadvance="8" page="0" chnl="15" />
    <char id="57" x="21" y="26" width="7" height="12" xoffset="0" yoffset="3" xadvance="8" page="0" chnl="15" />
    <char id="58" x="28" y="26" width="2" height="10" xoffset="1" yoffset="5" xadvance="4" page="0" chnl="15" />
    <char id="60" x="0" y="40" width="7" height="8" xoffset="1" yoffset="5" xadvance="8" page="0" chnl="15" />
    <char id="62" x="7" y="40" width="7" height="8" xoffset="1" yoffset="5" xadvance="8" page="0" chnl="15" />
    <char id="63" x="26" y="14" width="6" height="12" xoffset="0" yoffset="3" xadvance="7" page="0" chnl="15" />
    <char id="91" x="24" y="0" width="4" height="14" xoffset="1" yoffset="2" xadvance="5" page="0" chnl="15" />
    <char id="93" x="28" y="0" width="4" height="14" xoffset="0" yoffset="2" xadvance="5" page="0" chnl="15" />
    <char id="95" x="1" y="14" width="7" height="2" xoffset="0" yoffset="15" xadvance="7" page="0" chnl="15" />
    <char id="123" x="6" y="0" width="5" height="14" xoffset="0" yoffset="2" xadvance="6" page="0" chnl="15" />
    <char id="124" x="0" y="0" width="1" height="16" xoffset="3" yoffset="2" xadvance="8" page="0" chnl="15" />
    <char id="125" x="11" y="0" width="5" height="14" xoffset="0" yoffset="2" xadvance="6" page="0" chnl="15" />
    <char id="183" x="14" y="38" width="2" height="3" xoffset="1" yoffset="7" xadvance="4" page="0" chnl="15" />
</font>
